ID,Title
00a,Preface
00b,TOC
01,Dialogue
02,Introduction
03,Dialogue
04,Processes
05,Process API
06,Direct Execution
07,CPU Scheduling
08,Multi-level Feedback
09,Lottery Scheduling
10,Multi-CPU Scheduling
11,Summary
12,Dialogue
13,Address Spaces
14,Memory API
15,Address Translation
16,Segmentation
17,Free Space Management
18,Introduction to Paging
19,Translation Lookaside Buffers
20,Advanced Page Tables
21,Swapping - Mechanisms
22,Swapping - Policies
23,Complete VM Systems
24,Summary
25,Dialogue
26,Concurrency and Threads
27,Thread API
28,Locks
29,Locked Data Structures
30,Condition Variables
31,Semaphores
32,Concurrency Bugs
33,Event-based Concurrency
34,Summary
35,Dialogue
36,I-O Devices
37,Hard Disk Drives
38,Redundant Disk Arrays (RAID)
39,Files and Directories
40,File System Implementation
41,Fast File System (FFS)
42,FSCK and Journaling
43,Log-structured File System (LFS)
44,Flash-based SSDs
45,Data Integrity and Protection
46,Summary
47,Dialogue
48,Distributed Systems
49,Network File System (NFS)
50,Andrew File System (AFS)
51,Summary
A1,Dialogue
A2,Virtual Machines
A3,Dialogue
A4,Monitors
A5,Dialogue
A6,Lab Tutorial
A7,Systems Labs
A8,xv6 Labs